Workbook

Sheet Week6
B1: Words | C1: counts | D1: Week5Counts | E1: Week4Counts | F1: Week3Counts | G1: Week2Counts | H1: Week1Counts | L1: Words | M1: counts6 | N1: Week5Counts | O1: Week4Counts | P1: Week3Counts | Q1: Week2Counts | R1: Week1Counts | U1: Words | V1: counts6diff | W1: Week5Countsdiff | X1: Week4Countsdiff | Y1: Week3Countsdiff | Z1: Week2Countsdiff | AA1: Week1Countsdiff
A2: 0 | B2: US | C2: 448 | D2: =VLOOKUP(B2,Week5!$A$2:$B$115,2,FALSE) -> 379 | E2: =VLOOKUP(B2,Week4!$A$2:$B$109,2,FALSE) -> 304 | F2: =VLOOKUP(B2,Week3!$A$2:$B$105,2,FALSE) -> 224 | G2: =VLOOKUP(Week6!B2,Week2!$A$2:$B$75,2,FALSE) -> 106 | H2: =VLOOKUP(B2,Week1!$A$2:$B$51,2,FALSE) -> 44 | L2: US | M2: 448 | N2: 379 | O2: 304 | P2: 224 | Q2: 106 | R2: 44 | U2: US | V2: =M2-N2 -> 69 | W2: =N2-O2 -> 75 | X2: =O2-P2 -> 80 | Y2: =P2-Q2 -> 118 | Z2: =Q2-R2 -> 62 | AA2: =R2-S2 -> 44
A3: 1 | B3: China | C3: 393 | D3: =VLOOKUP(B3,Week5!$A$2:$B$115,2,FALSE) -> 340 | E3: =VLOOKUP(B3,Week4!$A$2:$B$109,2,FALSE) -> 273 | F3: =VLOOKUP(B3,Week3!$A$2:$B$105,2,FALSE) -> 198 | G3: =VLOOKUP(Week6!B3,Week2!$A$2:$B$75,2,FALSE) -> 82 | H3: =VLOOKUP(B3,Week1!$A$2:$B$51,2,FALSE) -> 29 | L3: China | M3: 393 | N3: 340 | O3: 273 | P3: 198 | Q3: 82 | R3: 29 | U3: China | V3: =M3-N3 -> 53 | W3: =N3-O3 -> 67 | X3: =O3-P3 -> 75 | Y3: =P3-Q3 -> 116 | Z3: =Q3-R3 -> 53 | AA3: =R3-S3 -> 29
A4: 2 | B4: Russia | C4: 385 | D4: =VLOOKUP(B4,Week5!$A$2:$B$115,2,FALSE) -> 297 | E4: =VLOOKUP(B4,Week4!$A$2:$B$109,2,FALSE) -> 217 | F4: =VLOOKUP(B4,Week3!$A$2:$B$105,2,FALSE) -> 146 | G4: =VLOOKUP(Week6!B4,Week2!$A$2:$B$75,2,FALSE) -> 53 | H4: =VLOOKUP(B4,Week1!$A$2:$B$51,2,FALSE) -> 17 | L4: Russia | M4: 385 | N4: 297 | O4: 217 | P4: 146 | Q4: 53 | R4: 17 | U4: Russia | V4: =M4-N4 -> 88 | W4: =N4-O4 -> 80 | X4: =O4-P4 -> 71 | Y4: =P4-Q4 -> 93 | Z4: =Q4-R4 -> 36 | AA4: =R4-S4 -> 17
A5: 3 | B5: U.S. | C5: 301 | D5: =VLOOKUP(B5,Week5!$A$2:$B$115,2,FALSE) -> 268 | E5: =VLOOKUP(B5,Week4!$A$2:$B$109,2,FALSE) -> 224 | F5: =VLOOKUP(B5,Week3!$A$2:$B$105,2,FALSE) -> 166 | G5: =VLOOKUP(Week6!B5,Week2!$A$2:$B$75,2,FALSE) -> 79 | H5: =VLOOKUP(B5,Week1!$A$2:$B$51,2,FALSE) -> 26 | L5: U.S. | M5: 301 | N5: 268 | O5: 224 | P5: 166 | Q5: 79 | R5: 26 | U5: U.S. | V5: =M5-N5 -> 33 | W5: =N5-O5 -> 44 | X5: =O5-P5 -> 58 | Y5: =P5-Q5 -> 87 | Z5: =Q5-R5 -> 53 | AA5: =R5-S5 -> 26
A6: 4 | B6: Ukraine | C6: 291 | D6: =VLOOKUP(B6,Week5!$A$2:$B$115,2,FALSE) -> 228 | E6: =VLOOKUP(B6,Week4!$A$2:$B$109,2,FALSE) -> 156 | F6: =VLOOKUP(B6,Week3!$A$2:$B$105,2,FALSE) -> 73 | G6: =VLOOKUP(Week6!B6,Week2!$A$2:$B$75,2,FALSE) -> 29 | H6: =VLOOKUP(B6,Week1!$A$2:$B$51,2,FALSE) -> 14 | L6: Ukraine | M6: 291 | N6: 228 | O6: 156 | P6: 73 | Q6: 29 | R6: 14 | U6: Ukraine | V6: =M6-N6 -> 63 | W6: =N6-O6 -> 72 | X6: =O6-P6 -> 83 | Y6: =P6-Q6 -> 44 | Z6: =Q6-R6 -> 15 | AA6: =R6-S6 -> 14
A7: 5 | B7: India | C7: 277 | D7: =VLOOKUP(B7,Week5!$A$2:$B$115,2,FALSE) -> 203 | E7: =VLOOKUP(B7,Week4!$A$2:$B$109,2,FALSE) -> 144 | F7: =VLOOKUP(B7,Week3!$A$2:$B$105,2,FALSE) -> 102 | G7: =VLOOKUP(Week6!B7,Week2!$A$2:$B$75,2,FALSE) -> 44 | H7: =VLOOKUP(B7,Week1!$A$2:$B$51,2,FALSE) -> 18 | L7: India | M7: 277 | N7: 203 | O7: 144 | P7: 102 | Q7: 44 | R7: 18 | U7: India | V7: =M7-N7 -> 74 | W7: =N7-O7 -> 59 | X7: =O7-P7 -> 42 | Y7: =P7-Q7 -> 58 | Z7: =Q7-R7 -> 26 | AA7: =R7-S7 -> 18
A8: 6 | B8: USA | C8: 131 | D8: =VLOOKUP(B8,Week5!$A$2:$B$115,2,FALSE) -> 96 | E8: =VLOOKUP(B8,Week4!$A$2:$B$109,2,FALSE) -> 68 | F8: =VLOOKUP(B8,Week3!$A$2:$B$105,2,FALSE) -> 33 | G8: =VLOOKUP(Week6!B8,Week2!$A$2:$B$75,2,FALSE) -> 5 | H8: =VLOOKUP(B8,Week1!$A$2:$B$51,2,FALSE) -> 2 | L8: USA | M8: 131 | N8: 96 | O8: 68 | P8: 33 | Q8: 5 | R8: 2 | U8: USA | V8: =M8-N8 -> 35 | W8: =N8-O8 -> 28 | X8: =O8-P8 -> 35 | Y8: =P8-Q8 -> 28 | Z8: =Q8-R8 -> 3 | AA8: =R8-S8 -> 2
A9: 7 | B9: Venezuela | C9: 109 | D9: =VLOOKUP(B9,Week5!$A$2:$B$115,2,FALSE) -> 92 | E9: =VLOOKUP(B9,Week4!$A$2:$B$109,2,FALSE) -> 63 | F9: =VLOOKUP(B9,Week3!$A$2:$B$105,2,FALSE) -> 52 | G9: =VLOOKUP(Week6!B9,Week2!$A$2:$B$75,2,FALSE) -> 19 | H9: =VLOOKUP(B9,Week1!$A$2:$B$51,2,FALSE) -> 7 | L9: Venezuela | M9: 109 | N9: 92 | O9: 63 | P9: 52 | Q9: 19 | R9: 7 | U9: Venezuela | V9: =M9-N9 -> 17 | W9: =N9-O9 -> 29 | X9: =O9-P9 -> 11 | Y9: =P9-Q9 -> 33 | Z9: =Q9-R9 -> 12 | AA9: =R9-S9 -> 7
A10: 8 | B10: Pakistan | C10: 96 | D10: =VLOOKUP(B10,Week5!$A$2:$B$115,2,FALSE) -> 83 | E10: =VLOOKUP(B10,Week4!$A$2:$B$109,2,FALSE) -> 73 | F10: =VLOOKUP(B10,Week3!$A$2:$B$105,2,FALSE) -> 57 | G10: =VLOOKUP(Week6!B10,Week2!$A$2:$B$75,2,FALSE) -> 19 | H10: =VLOOKUP(B10,Week1!$A$2:$B$51,2,FALSE) -> 10 | L10: Pakistan | M10: 96 | N10: 83 | O10: 73 | P10: 57 | Q10: 19 | R10: 10 | U10: Pakistan | V10: =M10-N10 -> 13 | W10: =N10-O10 -> 10 | X10: =O10-P10 -> 16 | Y10: =P10-Q10 -> 38 | Z10: =Q10-R10 -> 9 | AA10: =R10-S10 -> 10
A11: 9 | B11: Taiwan | C11: 88 | D11: =VLOOKUP(B11,Week5!$A$2:$B$115,2,FALSE) -> 73 | E11: =VLOOKUP(B11,Week4!$A$2:$B$109,2,FALSE) -> 52 | F11: =VLOOKUP(B11,Week3!$A$2:$B$105,2,FALSE) -> 27 | G11: =VLOOKUP(Week6!B11,Week2!$A$2:$B$75,2,FALSE) -> 10 | H11: =VLOOKUP(B11,Week1!$A$2:$B$51,2,FALSE) -> 2 | L11: Taiwan | M11: 88 | N11: 73 | O11: 52 | P11: 27 | Q11: 10 | R11: 2 | U11: Taiwan | V11: =M11-N11 -> 15 | W11: =N11-O11 -> 21 | X11: =O11-P11 -> 25 | Y11: =P11-Q11 -> 17 | Z11: =Q11-R11 -> 8 | AA11: =R11-S11 -> 2
A12: 10 | B12: Israel | C12: 82 | D12: =VLOOKUP(B12,Week5!$A$2:$B$115,2,FALSE) -> 74 | E12: =VLOOKUP(B12,Week4!$A$2:$B$109,2,FALSE) -> 58 | F12: =VLOOKUP(B12,Week3!$A$2:$B$105,2,FALSE) -> 42 | G12: =VLOOKUP(Week6!B12,Week2!$A$2:$B$75,2,FALSE) -> 15 | H12: =VLOOKUP(B12,Week1!$A$2:$B$51,2,FALSE) -> 5 | L12: Israel | M12: 82 | N12: 74 | O12: 58 | P12: 42 | Q12: 15 | R12: 5 | U12: Israel | V12: =M12-N12 -> 8 | W12: =N12-O12 -> 16 | X12: =O12-P12 -> 16 | Y12: =P12-Q12 -> 27 | Z12: =Q12-R12 -> 10 | AA12: =R12-S12 -> 5
A13: 11 | B13: Japan | C13: 82 | D13: =VLOOKUP(B13,Week5!$A$2:$B$115,2,FALSE) -> 70 | E13: =VLOOKUP(B13,Week4!$A$2:$B$109,2,FALSE) -> 57 | F13: =VLOOKUP(B13,Week3!$A$2:$B$105,2,FALSE) -> 29 | G13: =VLOOKUP(Week6!B13,Week2!$A$2:$B$75,2,FALSE) -> 13 | H13: =VLOOKUP(B13,Week1!$A$2:$B$51,2,FALSE) -> 6 | L13: Japan | M13: 82 | N13: 70 | O13: 57 | P13: 29 | Q13: 13 | R13: 6 | U13: Japan | V13: =M13-N13 -> 12 | W13: =N13-O13 -> 13 | X13: =O13-P13 -> 28 | Y13: =P13-Q13 -> 16 | Z13: =Q13-R13 -> 7 | AA13: =R13-S13 -> 6
... A121: 119 | B121: south sudan | C121: 1 | D121: =VLOOKUP(B121,Week5!$A$2:$B$115,2,FALSE) -> 1 | E121: =VLOOKUP(B121,Week4!$A$2:$B$109,2,FALSE) -> 1 | F121: =VLOOKUP(B121,Week3!$A$2:$B$105,2,FALSE) -> 1 | G121: =VLOOKUP(Week6!B121,Week2!$A$2:$B$75,2,FALSE) -> #N/A | H121: =VLOOKUP(B121,Week1!$A$2:$B$51,2,FALSE) -> #N/A | L121: south sudan | M121: 1 | N121: 1 | O121: 1 | P121: 1 | Q121: 0 | R121: 0 | U121: south sudan | V121: =M121-N121 -> 0 | W121: =N121-O121 -> 0 | X121: =O121-P121 -> 0 | Y121: =P121-Q121 -> 1 | Z121: =Q121-R121 -> 0 | AA121: =R121-S121 -> 0

Sheet Week5
A1: Words | B1: counts
A2: US | B2: 379
A3: China | B3: 340
A4: Russia | B4: 297
A5: U.S. | B5: 268
A6: Ukraine | B6: 228
A7: India | B7: 203
A8: USA | B8: 96
A9: Venezuela | B9: 92
A10: Pakistan | B10: 83
A11: Israel | B11: 74
A12: Taiwan | B12: 73
A13: Japan | B13: 70
... A115: south sudan | B115: 1

Sheet Week4
A1: Words | B1: counts
A2: US | B2: 304
A3: China | B3: 273
A4: U.S. | B4: 224
A5: Russia | B5: 217
A6: Ukraine | B6: 156
A7: India | B7: 144
A8: Pakistan | B8: 73
A9: USA | B9: 68
A10: Venezuela | B10: 63
A11: Israel | B11: 58
A12: Japan | B12: 57
A13: Taiwan | B13: 52
... A109: south sudan | B109: 1

Sheet Week3
A1: Words | B1: counts
A2: US | B2: 224
A3: China | B3: 198
A4: U.S. | B4: 166
A5: Russia | B5: 146
A6: India | B6: 102
A7: Ukraine | B7: 73
A8: Pakistan | B8: 57
A9: Venezuela | B9: 52
A10: Israel | B10: 42
A11: USA | B11: 33
A12: Japan | B12: 29
A13: south korea | B13: 29
... A105: south sudan | B105: 1

Sheet Week2
A1: Words | B1: counts
A2: US | B2: 106
A3: China | B3: 82
A4: U.S. | B4: 79
A5: Russia | B5: 53
A6: India | B6: 44
A7: Ukraine | B7: 29
A8: Venezuela | B8: 19
A9: Pakistan | B9: 19
A10: south korea | B10: 18
A11: Israel | B11: 15
A12: Japan | B12: 13
A13: north korea | B13: 13
... A75: sri lanka | B75: 1

Sheet Week1
A1: Words | B1: counts
A2: US | B2: 44
A3: China | B3: 29
A4: U.S. | B4: 26
A5: India | B5: 18
A6: Russia | B6: 17
A7: Ukraine | B7: 14
A8: Pakistan | B8: 10
A9: Venezuela | B9: 7
A10: Japan | B10: 6
A11: Israel | B11: 5
A12: Afghanistan | B12: 5
A13: Bangladesh | B13: 5
... A51: Georgia | B51: 1

Sheet Math
B1: Top 10 Eng 25 | D1: Top 10 Eng 26 | F1: Top 10 Chn25 | H1: Top 10 Chn26
B2: US | D2: US | F2: Japan | H2: United States
B3: China | D3: Iran | F3: United States | H3: China
B4: Russia | D4: China | F4: China | H4: Iran
B5: Ukraine | D5: Russia | F5: Ukraine | H5: Japan
B6: India | D6: India | F6: Russia | H6: Russia
B7: Venezuela | D7: Greenland | F7: South Korea | H7: Ukraine
B8: Pakistan | D8: Israel | F8: Israel | H8: Israel
B9: Taiwan | D9: Ukraine | F9: India | H9: United Kingdom
B10: Israel | D10: Pakistan | F10: Venezuela | H10: Canada
B11: Japan | D11: Venezuela | F11: North Korea | H11: Venezuela
