Workbook

Sheet Week7
B1: Words_Text | C1: English_Name | D1: counts7 | E1: counts6 | F1: counts5 | G1: counts4 | H1: counts3 | I1: counts2 | J1: counts1 | M1: English_Name | N1: counts7 | O1: counts6 | P1: counts5 | Q1: counts4 | R1: counts3 | S1: counts2 | T1: counts1 | W1: English_Name | X1: counts7diff | Y1: counts6diff | Z1: counts5diff | AA1: counts4diff | AB1: counts3diff | AC1: counts2diff | AD1: counts1diff
A2: 0 | B2: 日本 | C2: Japan | D2: 654 | E2: =VLOOKUP(C2,Week6!$A$2:$B$73,2,FALSE) -> 563 | F2: =VLOOKUP(C2,Week5!$A$2:$B$67,2,FALSE) -> 408 | G2: =VLOOKUP(C2,Week4!$A$2:$B$64,2,FALSE) -> 243 | H2: =VLOOKUP(C2,Week3!$A$2:$B$61,2,FALSE) -> 102 | I2: =VLOOKUP(C2,Week2!$A$2:$B$48,2,FALSE) -> 73 | J2: =VLOOKUP(C2,Week1!$A$2:$B$31,2,FALSE) -> 30 | M2: Japan | N2: 654 | O2: 563 | P2: 408 | Q2: 243 | R2: 102 | S2: 73 | T2: 30 | W2: Japan | X2: =N2-O2 -> 91 | Y2: =O2-P2 -> 155 | Z2: =P2-Q2 -> 165 | AA2: =Q2-R2 -> 141 | AB2: =R2-S2 -> 29 | AC2: =S2-T2 -> 43 | AD2: =T2-U2 -> 30
A3: 1 | B3: 美国 | C3: United States | D3: 433 | E3: =VLOOKUP(C3,Week6!$A$2:$B$73,2,FALSE) -> 392 | F3: =VLOOKUP(C3,Week5!$A$2:$B$67,2,FALSE) -> 326 | G3: =VLOOKUP(C3,Week4!$A$2:$B$64,2,FALSE) -> 282 | H3: =VLOOKUP(C3,Week3!$A$2:$B$61,2,FALSE) -> 234 | I3: =VLOOKUP(C3,Week2!$A$2:$B$48,2,FALSE) -> 166 | J3: =VLOOKUP(C3,Week1!$A$2:$B$31,2,FALSE) -> 74 | M3: United States | N3: 433 | O3: 392 | P3: 326 | Q3: 282 | R3: 234 | S3: 166 | T3: 74 | W3: United States | X3: =N3-O3 -> 41 | Y3: =O3-P3 -> 66 | Z3: =P3-Q3 -> 44 | AA3: =Q3-R3 -> 48 | AB3: =R3-S3 -> 68 | AC3: =S3-T3 -> 92 | AD3: =T3-U3 -> 74
A4: 2 | B4: 中国 | C4: China | D4: 380 | E4: =VLOOKUP(C4,Week6!$A$2:$B$73,2,FALSE) -> 317 | F4: =VLOOKUP(C4,Week5!$A$2:$B$67,2,FALSE) -> 246 | G4: =VLOOKUP(C4,Week4!$A$2:$B$64,2,FALSE) -> 194 | H4: =VLOOKUP(C4,Week3!$A$2:$B$61,2,FALSE) -> 145 | I4: =VLOOKUP(C4,Week2!$A$2:$B$48,2,FALSE) -> 97 | J4: =VLOOKUP(C4,Week1!$A$2:$B$31,2,FALSE) -> 47 | M4: China | N4: 380 | O4: 317 | P4: 246 | Q4: 194 | R4: 145 | S4: 97 | T4: 47 | W4: China | X4: =N4-O4 -> 63 | Y4: =O4-P4 -> 71 | Z4: =P4-Q4 -> 52 | AA4: =Q4-R4 -> 49 | AB4: =R4-S4 -> 48 | AC4: =S4-T4 -> 50 | AD4: =T4-U4 -> 47
A5: 3 | B5: 乌克兰 | C5: Ukraine | D5: 211 | E5: =VLOOKUP(C5,Week6!$A$2:$B$73,2,FALSE) -> 190 | F5: =VLOOKUP(C5,Week5!$A$2:$B$67,2,FALSE) -> 137 | G5: =VLOOKUP(C5,Week4!$A$2:$B$64,2,FALSE) -> 107 | H5: =VLOOKUP(C5,Week3!$A$2:$B$61,2,FALSE) -> 86 | I5: =VLOOKUP(C5,Week2!$A$2:$B$48,2,FALSE) -> 50 | J5: =VLOOKUP(C5,Week1!$A$2:$B$31,2,FALSE) -> 35 | M5: Ukraine | N5: 211 | O5: 190 | P5: 137 | Q5: 107 | R5: 86 | S5: 50 | T5: 35 | W5: Ukraine | X5: =N5-O5 -> 21 | Y5: =O5-P5 -> 53 | Z5: =P5-Q5 -> 30 | AA5: =Q5-R5 -> 21 | AB5: =R5-S5 -> 36 | AC5: =S5-T5 -> 15 | AD5: =T5-U5 -> 35
A6: 4 | B6: 俄罗斯 | C6: Russia | D6: 197 | E6: =VLOOKUP(C6,Week6!$A$2:$B$73,2,FALSE) -> 166 | F6: =VLOOKUP(C6,Week5!$A$2:$B$67,2,FALSE) -> 133 | G6: =VLOOKUP(C6,Week4!$A$2:$B$64,2,FALSE) -> 112 | H6: =VLOOKUP(C6,Week3!$A$2:$B$61,2,FALSE) -> 80 | I6: =VLOOKUP(C6,Week2!$A$2:$B$48,2,FALSE) -> 51 | J6: =VLOOKUP(C6,Week1!$A$2:$B$31,2,FALSE) -> 26 | M6: Russia | N6: 197 | O6: 166 | P6: 133 | Q6: 112 | R6: 80 | S6: 51 | T6: 26 | W6: Russia | X6: =N6-O6 -> 31 | Y6: =O6-P6 -> 33 | Z6: =P6-Q6 -> 21 | AA6: =Q6-R6 -> 32 | AB6: =R6-S6 -> 29 | AC6: =S6-T6 -> 25 | AD6: =T6-U6 -> 26
A7: 5 | B7: 韩国 | C7: South Korea | D7: 84 | E7: =VLOOKUP(C7,Week6!$A$2:$B$73,2,FALSE) -> 82 | F7: =VLOOKUP(C7,Week5!$A$2:$B$67,2,FALSE) -> 80 | G7: =VLOOKUP(C7,Week4!$A$2:$B$64,2,FALSE) -> 74 | H7: =VLOOKUP(C7,Week3!$A$2:$B$61,2,FALSE) -> 55 | I7: =VLOOKUP(C7,Week2!$A$2:$B$48,2,FALSE) -> 45 | J7: =VLOOKUP(C7,Week1!$A$2:$B$31,2,FALSE) -> 26 | M7: South Korea | N7: 84 | O7: 82 | P7: 80 | Q7: 74 | R7: 55 | S7: 45 | T7: 26 | W7: South Korea | X7: =N7-O7 -> 2 | Y7: =O7-P7 -> 2 | Z7: =P7-Q7 -> 6 | AA7: =Q7-R7 -> 19 | AB7: =R7-S7 -> 10 | AC7: =S7-T7 -> 19 | AD7: =T7-U7 -> 26
A8: 6 | B8: 以色列 | C8: Israel | D8: 76 | E8: =VLOOKUP(C8,Week6!$A$2:$B$73,2,FALSE) -> 72 | F8: =VLOOKUP(C8,Week5!$A$2:$B$67,2,FALSE) -> 66 | G8: =VLOOKUP(C8,Week4!$A$2:$B$64,2,FALSE) -> 62 | H8: =VLOOKUP(C8,Week3!$A$2:$B$61,2,FALSE) -> 56 | I8: =VLOOKUP(C8,Week2!$A$2:$B$48,2,FALSE) -> 42 | J8: =VLOOKUP(C8,Week1!$A$2:$B$31,2,FALSE) -> 26 | M8: Israel | N8: 76 | O8: 72 | P8: 66 | Q8: 62 | R8: 56 | S8: 42 | T8: 26 | W8: Israel | X8: =N8-O8 -> 4 | Y8: =O8-P8 -> 6 | Z8: =P8-Q8 -> 4 | AA8: =Q8-R8 -> 6 | AB8: =R8-S8 -> 14 | AC8: =S8-T8 -> 16 | AD8: =T8-U8 -> 26
A9: 7 | B9: 印度 | C9: India | D9: 62 | E9: =VLOOKUP(C9,Week6!$A$2:$B$73,2,FALSE) -> 53 | F9: =VLOOKUP(C9,Week5!$A$2:$B$67,2,FALSE) -> 47 | G9: =VLOOKUP(C9,Week4!$A$2:$B$64,2,FALSE) -> 29 | H9: =VLOOKUP(C9,Week3!$A$2:$B$61,2,FALSE) -> 19 | I9: =VLOOKUP(C9,Week2!$A$2:$B$48,2,FALSE) -> 13 | J9: =VLOOKUP(C9,Week1!$A$2:$B$31,2,FALSE) -> 13 | M9: India | N9: 62 | O9: 53 | P9: 47 | Q9: 29 | R9: 19 | S9: 13 | T9: 13 | W9: India | X9: =N9-O9 -> 9 | Y9: =O9-P9 -> 6 | Z9: =P9-Q9 -> 18 | AA9: =Q9-R9 -> 10 | AB9: =R9-S9 -> 6 | AC9: =S9-T9 -> 0 | AD9: =T9-U9 -> 13
A10: 8 | B10: 委内瑞拉 | C10: Venezuela | D10: 60 | E10: =VLOOKUP(C10,Week6!$A$2:$B$73,2,FALSE) -> 46 | F10: =VLOOKUP(C10,Week5!$A$2:$B$67,2,FALSE) -> 37 | G10: =VLOOKUP(C10,Week4!$A$2:$B$64,2,FALSE) -> 35 | H10: =VLOOKUP(C10,Week3!$A$2:$B$61,2,FALSE) -> 31 | I10: =VLOOKUP(C10,Week2!$A$2:$B$48,2,FALSE) -> 24 | J10: =VLOOKUP(C10,Week1!$A$2:$B$31,2,FALSE) -> 12 | M10: Venezuela | N10: 60 | O10: 46 | P10: 37 | Q10: 35 | R10: 31 | S10: 24 | T10: 12 | W10: Venezuela | X10: =N10-O10 -> 14 | Y10: =O10-P10 -> 9 | Z10: =P10-Q10 -> 2 | AA10: =Q10-R10 -> 4 | AB10: =R10-S10 -> 7 | AC10: =S10-T10 -> 12 | AD10: =T10-U10 -> 12
A11: 9 | B11: 朝鲜 | C11: North Korea | D11: 56 | E11: =VLOOKUP(C11,Week6!$A$2:$B$73,2,FALSE) -> 52 | F11: =VLOOKUP(C11,Week5!$A$2:$B$67,2,FALSE) -> 38 | G11: =VLOOKUP(C11,Week4!$A$2:$B$64,2,FALSE) -> 34 | H11: =VLOOKUP(C11,Week3!$A$2:$B$61,2,FALSE) -> 29 | I11: =VLOOKUP(C11,Week2!$A$2:$B$48,2,FALSE) -> 6 | J11: =VLOOKUP(C11,Week1!$A$2:$B$31,2,FALSE) -> 5 | M11: North Korea | N11: 56 | O11: 52 | P11: 38 | Q11: 34 | R11: 29 | S11: 6 | T11: 5 | W11: North Korea | X11: =N11-O11 -> 4 | Y11: =O11-P11 -> 14 | Z11: =P11-Q11 -> 4 | AA11: =Q11-R11 -> 5 | AB11: =R11-S11 -> 23 | AC11: =S11-T11 -> 1 | AD11: =T11-U11 -> 5
A12: 10 | B12: 台湾 | C12: Taiwan | D12: 53 | E12: =VLOOKUP(C12,Week6!$A$2:$B$73,2,FALSE) -> 48 | F12: =VLOOKUP(C12,Week5!$A$2:$B$67,2,FALSE) -> 30 | G12: =VLOOKUP(C12,Week4!$A$2:$B$64,2,FALSE) -> 18 | H12: =VLOOKUP(C12,Week3!$A$2:$B$61,2,FALSE) -> 9 | I12: =VLOOKUP(C12,Week2!$A$2:$B$48,2,FALSE) -> 6 | J12: =VLOOKUP(C12,Week1!$A$2:$B$31,2,FALSE) -> #N/A | M12: Taiwan | N12: 53 | O12: 48 | P12: 30 | Q12: 18 | R12: 9 | S12: 6 | T12: 0 | W12: Taiwan | X12: =N12-O12 -> 5 | Y12: =O12-P12 -> 18 | Z12: =P12-Q12 -> 12 | AA12: =Q12-R12 -> 9 | AB12: =R12-S12 -> 3 | AC12: =S12-T12 -> 6 | AD12: =T12-U12 -> 0
A13: 11 | B13: 德国 | C13: Germany | D13: 37 | E13: =VLOOKUP(C13,Week6!$A$2:$B$73,2,FALSE) -> 20 | F13: =VLOOKUP(C13,Week5!$A$2:$B$67,2,FALSE) -> 19 | G13: =VLOOKUP(C13,Week4!$A$2:$B$64,2,FALSE) -> 16 | H13: =VLOOKUP(C13,Week3!$A$2:$B$61,2,FALSE) -> 9 | I13: =VLOOKUP(C13,Week2!$A$2:$B$48,2,FALSE) -> 4 | J13: =VLOOKUP(C13,Week1!$A$2:$B$31,2,FALSE) -> #N/A | M13: Germany | N13: 37 | O13: 20 | P13: 19 | Q13: 16 | R13: 9 | S13: 4 | T13: 0 | W13: Germany | X13: =N13-O13 -> 17 | Y13: =O13-P13 -> 1 | Z13: =P13-Q13 -> 3 | AA13: =Q13-R13 -> 7 | AB13: =R13-S13 -> 5 | AC13: =S13-T13 -> 4 | AD13: =T13-U13 -> 0
... A77: 75 | B77: 也门 | C77: Yemen | D77: 1 | E77: =VLOOKUP(C77,Week6!$A$2:$B$73,2,FALSE) -> 1 | F77: =VLOOKUP(C77,Week5!$A$2:$B$67,2,FALSE) -> 1 | G77: =VLOOKUP(C77,Week4!$A$2:$B$64,2,FALSE) -> 1 | H77: =VLOOKUP(C77,Week3!$A$2:$B$61,2,FALSE) -> 1 | I77: =VLOOKUP(C77,Week2!$A$2:$B$48,2,FALSE) -> 1 | J77: =VLOOKUP(C77,Week1!$A$2:$B$31,2,FALSE) -> #N/A | M77: Yemen | N77: 1 | O77: 1 | P77: 1 | Q77: 1 | R77: 1 | S77: 1 | T77: 0 | W77: Yemen | X77: =N77-O77 -> 0 | Y77: =O77-P77 -> 0 | Z77: =P77-Q77 -> 0 | AA77: =Q77-R77 -> 0 | AB77: =R77-S77 -> 0 | AC77: =S77-T77 -> 1 | AD77: =T77-U77 -> 0
D79: =SUM(D2:D77) -> 2718
D80: =4/D79 -> 0.0014716703

Sheet Week6
A1: English_Name | B1: counts
A2: Japan | B2: 563
A3: United States | B3: 392
A4: China | B4: 317
A5: Ukraine | B5: 190
A6: Russia | B6: 166
A7: South Korea | B7: 82
A8: Israel | B8: 72
A9: India | B9: 53
A10: North Korea | B10: 52
A11: Taiwan | B11: 48
A12: Venezuela | B12: 46
A13: Thailand | B13: 28
... A73: Montenegro | B73: 1

Sheet Week5
A1: English_Name | B1: counts
A2: Japan | B2: 408
A3: United States | B3: 326
A4: China | B4: 246
A5: Ukraine | B5: 137
A6: Russia | B6: 133
A7: South Korea | B7: 80
A8: Israel | B8: 66
A9: India | B9: 47
A10: North Korea | B10: 38
A11: Venezuela | B11: 37
A12: Taiwan | B12: 30
A13: Thailand | B13: 28
... A67: Montenegro | B67: 1

Sheet Week4
A1: English_Name | B1: counts
A2: United States | B2: 282
A3: Japan | B3: 243
A4: China | B4: 194
A5: Russia | B5: 112
A6: Ukraine | B6: 107
A7: South Korea | B7: 74
A8: Israel | B8: 62
A9: Venezuela | B9: 35
A10: North Korea | B10: 34
A11: India | B11: 29
A12: Netherlands | B12: 26
A13: Thailand | B13: 26
... A64: Montenegro | B64: 1

Sheet Week3
A1: English_Name | B1: counts
A2: United States | B2: 234
A3: China | B3: 145
A4: Japan | B4: 102
A5: Ukraine | B5: 86
A6: Russia | B6: 80
A7: Israel | B7: 56
A8: South Korea | B8: 55
A9: Venezuela | B9: 31
A10: North Korea | B10: 29
A11: Netherlands | B11: 26
A12: Thailand | B12: 23
A13: India | B13: 19
... A61: Montenegro | B61: 1

Sheet Week2
A1: English_Name | B1: counts
A2: United States | B2: 166
A3: China | B3: 97
A4: Japan | B4: 73
A5: Russia | B5: 51
A6: Ukraine | B6: 50
A7: South Korea | B7: 45
A8: Israel | B8: 42
A9: Netherlands | B9: 25
A10: Venezuela | B10: 24
A11: Thailand | B11: 23
A12: Burma | B12: 17
A13: Canada | B13: 13
... A48: Montenegro | B48: 1

Sheet Week1
A1: English_Name | B1: counts
A2: United States | B2: 74
A3: China | B3: 47
A4: Ukraine | B4: 35
A5: Japan | B5: 30
A6: Israel | B6: 26
A7: South Korea | B7: 26
A8: Russia | B8: 26
A9: Thailand | B9: 19
A10: India | B10: 13
A11: Burma | B11: 13
A12: Venezuela | B12: 12
A13: Canada | B13: 10
... A31: Singapore | B31: 1
