Workbook

Sheet Week4
B1: Words | C1: counts | D1: Week3counts | E1: Week2counts | F1: Week1counts | I1: Words | J1: counts | K1: Week3counts | L1: Week2counts | M1: Week1counts | P1: Words | Q1: counts4diff | R1: Week3countdiff | S1: Week2countdiff | T1: Week1countdiff
A2: 0 | B2: US | C2: 450 | D2: =VLOOKUP(B2,Week3!$A$2:$B$104,2,FALSE) -> 266 | E2: =VLOOKUP(B2,Week2!$A$2:$B$82,2,FALSE) -> 172 | F2: =VLOOKUP(Week4!B2,Week1!$A$2:$B$47,2,FALSE) -> 71 | I2: US | J2: 450 | K2: 266 | L2: 172 | M2: 71 | P2: US | Q2: =J2-K2 -> 184 | R2: =K2-L2 -> 94 | S2: =L2-M2 -> 101 | T2: =M2-N2 -> 71
A3: 1 | B3: Iran | C3: 330 | D3: =VLOOKUP(B3,Week3!$A$2:$B$104,2,FALSE) -> 168 | E3: =VLOOKUP(B3,Week2!$A$2:$B$82,2,FALSE) -> 81 | F3: =VLOOKUP(Week4!B3,Week1!$A$2:$B$47,2,FALSE) -> 30 | I3: Iran | J3: 330 | K3: 168 | L3: 81 | M3: 30 | P3: Iran | Q3: =J3-K3 -> 162 | R3: =K3-L3 -> 87 | S3: =L3-M3 -> 51 | T3: =M3-N3 -> 30
A4: 2 | B4: China | C4: 308 | D4: =VLOOKUP(B4,Week3!$A$2:$B$104,2,FALSE) -> 157 | E4: =VLOOKUP(B4,Week2!$A$2:$B$82,2,FALSE) -> 87 | F4: =VLOOKUP(Week4!B4,Week1!$A$2:$B$47,2,FALSE) -> 32 | I4: China | J4: 308 | K4: 157 | L4: 87 | M4: 32 | P4: China | Q4: =J4-K4 -> 151 | R4: =K4-L4 -> 70 | S4: =L4-M4 -> 55 | T4: =M4-N4 -> 32
A5: 3 | B5: Russia | C5: 231 | D5: =VLOOKUP(B5,Week3!$A$2:$B$104,2,FALSE) -> 107 | E5: =VLOOKUP(B5,Week2!$A$2:$B$82,2,FALSE) -> 61 | F5: =VLOOKUP(Week4!B5,Week1!$A$2:$B$47,2,FALSE) -> 21 | I5: Russia | J5: 231 | K5: 107 | L5: 61 | M5: 21 | P5: Russia | Q5: =J5-K5 -> 124 | R5: =K5-L5 -> 46 | S5: =L5-M5 -> 40 | T5: =M5-N5 -> 21
A6: 4 | B6: India | C6: 191 | D6: =VLOOKUP(B6,Week3!$A$2:$B$104,2,FALSE) -> 99 | E6: =VLOOKUP(B6,Week2!$A$2:$B$82,2,FALSE) -> 54 | F6: =VLOOKUP(Week4!B6,Week1!$A$2:$B$47,2,FALSE) -> 19 | I6: India | J6: 191 | K6: 99 | L6: 54 | M6: 19 | P6: India | Q6: =J6-K6 -> 92 | R6: =K6-L6 -> 45 | S6: =L6-M6 -> 35 | T6: =M6-N6 -> 19
A7: 5 | B7: USA | C7: 184 | D7: =VLOOKUP(B7,Week3!$A$2:$B$104,2,FALSE) -> 85 | E7: =VLOOKUP(B7,Week2!$A$2:$B$82,2,FALSE) -> 69 | F7: =VLOOKUP(Week4!B7,Week1!$A$2:$B$47,2,FALSE) -> 29 | I7: USA | J7: 184 | K7: 85 | L7: 69 | M7: 29 | P7: USA | Q7: =J7-K7 -> 99 | R7: =K7-L7 -> 16 | S7: =L7-M7 -> 40 | T7: =M7-N7 -> 29
A8: 6 | B8: U.S. | C8: 181 | D8: =VLOOKUP(B8,Week3!$A$2:$B$104,2,FALSE) -> 102 | E8: =VLOOKUP(B8,Week2!$A$2:$B$82,2,FALSE) -> 58 | F8: =VLOOKUP(Week4!B8,Week1!$A$2:$B$47,2,FALSE) -> 19 | I8: U.S. | J8: 181 | K8: 102 | L8: 58 | M8: 19 | P8: U.S. | Q8: =J8-K8 -> 79 | R8: =K8-L8 -> 44 | S8: =L8-M8 -> 39 | T8: =M8-N8 -> 19
A9: 7 | B9: Greenland | C9: 163 | D9: =VLOOKUP(B9,Week3!$A$2:$B$104,2,FALSE) -> 136 | E9: =VLOOKUP(B9,Week2!$A$2:$B$82,2,FALSE) -> 124 | F9: =VLOOKUP(Week4!B9,Week1!$A$2:$B$47,2,FALSE) -> 55 | I9: Greenland | J9: 163 | K9: 136 | L9: 124 | M9: 55 | P9: Greenland | Q9: =J9-K9 -> 27 | R9: =K9-L9 -> 12 | S9: =L9-M9 -> 69 | T9: =M9-N9 -> 55
A10: 8 | B10: Israel | C10: 102 | D10: =VLOOKUP(B10,Week3!$A$2:$B$104,2,FALSE) -> 51 | E10: =VLOOKUP(B10,Week2!$A$2:$B$82,2,FALSE) -> 25 | F10: =VLOOKUP(Week4!B10,Week1!$A$2:$B$47,2,FALSE) -> 12 | I10: Israel | J10: 102 | K10: 51 | L10: 25 | M10: 12 | P10: Israel | Q10: =J10-K10 -> 51 | R10: =K10-L10 -> 26 | S10: =L10-M10 -> 13 | T10: =M10-N10 -> 12
A11: 9 | B11: Ukraine | C11: 102 | D11: =VLOOKUP(B11,Week3!$A$2:$B$104,2,FALSE) -> 47 | E11: =VLOOKUP(B11,Week2!$A$2:$B$82,2,FALSE) -> 27 | F11: =VLOOKUP(Week4!B11,Week1!$A$2:$B$47,2,FALSE) -> 7 | I11: Ukraine | J11: 102 | K11: 47 | L11: 27 | M11: 7 | P11: Ukraine | Q11: =J11-K11 -> 55 | R11: =K11-L11 -> 20 | S11: =L11-M11 -> 20 | T11: =M11-N11 -> 7
A12: 10 | B12: Pakistan | C12: 78 | D12: =VLOOKUP(B12,Week3!$A$2:$B$104,2,FALSE) -> 45 | E12: =VLOOKUP(B12,Week2!$A$2:$B$82,2,FALSE) -> 31 | F12: =VLOOKUP(Week4!B12,Week1!$A$2:$B$47,2,FALSE) -> 7 | I12: Pakistan | J12: 78 | K12: 45 | L12: 31 | M12: 7 | P12: Pakistan | Q12: =J12-K12 -> 33 | R12: =K12-L12 -> 14 | S12: =L12-M12 -> 24 | T12: =M12-N12 -> 7
A13: 11 | B13: Venezuela | C13: 76 | D13: =VLOOKUP(B13,Week3!$A$2:$B$104,2,FALSE) -> 49 | E13: =VLOOKUP(B13,Week2!$A$2:$B$82,2,FALSE) -> 23 | F13: =VLOOKUP(Week4!B13,Week1!$A$2:$B$47,2,FALSE) -> 11 | I13: Venezuela | J13: 76 | K13: 49 | L13: 23 | M13: 11 | P13: Venezuela | Q13: =J13-K13 -> 27 | R13: =K13-L13 -> 26 | S13: =L13-M13 -> 12 | T13: =M13-N13 -> 11
... A124: 122 | B124: equatorial guinea | C124: 1 | D124: =VLOOKUP(B124,Week3!$A$2:$B$104,2,FALSE) -> #N/A | E124: =VLOOKUP(B124,Week2!$A$2:$B$82,2,FALSE) -> #N/A | F124: =VLOOKUP(Week4!B124,Week1!$A$2:$B$47,2,FALSE) -> #N/A | I124: equatorial guinea | J124: 1 | K124: 0 | L124: 0 | M124: 0 | P124: equatorial guinea | Q124: =J124-K124 -> 1 | R124: =K124-L124 -> 0 | S124: =L124-M124 -> 0 | T124: =M124-N124 -> 0

Sheet Week3
A1: Words | B1: counts
A2: US | B2: 266
A3: Iran | B3: 168
A4: China | B4: 157
A5: Greenland | B5: 136
A6: Russia | B6: 107
A7: U.S. | B7: 102
A8: India | B8: 99
A9: USA | B9: 85
A10: Israel | B10: 51
A11: Venezuela | B11: 49
A12: Ukraine | B12: 47
A13: Pakistan | B13: 45
... A104: czech republic | B104: 1

Sheet Week2
A1: Words | B1: counts
A2: US | B2: 172
A3: Greenland | B3: 124
A4: China | B4: 87
A5: Iran | B5: 81
A6: USA | B6: 69
A7: Russia | B7: 61
A8: U.S. | B8: 58
A9: India | B9: 54
A10: Canada | B10: 31
A11: Pakistan | B11: 31
A12: Ukraine | B12: 27
A13: Israel | B13: 25
... A82: czech republic | B82: 1

Sheet Week1
A1: Words | B1: counts
A2: US | B2: 71
A3: Greenland | B3: 55
A4: China | B4: 32
A5: Iran | B5: 30
A6: USA | B6: 29
A7: Russia | B7: 21
A8: India | B8: 19
A9: U.S. | B9: 19
A10: Canada | B10: 15
A11: Israel | B11: 12
A12: Venezuela | B12: 11
A13: Denmark | B13: 8
... A47: czech republic | B47: 1
