Workbook

Sheet Week5
B1: Words_Text | C1: English_Name | D1: counts5 | E1: count4 | F1: count3 | G1: count2 | H1: count1 | K1: English_Name | L1: counts5 | M1: count4 | N1: count3 | O1: count2 | P1: count1 | S1: English_Name | T1: counts5diff | U1: count4diff | V1: count3diff | W1: count2diff | X1: count1diff | Z1: counts5diff | AA1: count4diff | AB1: count3diff | AC1: count2diff | AE1: counts5diff | AF1: count4diff | AG1: count3diff | AH1: count2diff | AI1: English_Name
A2: 0 | B2: 美国 | C2: United States | D2: 528 | E2: =VLOOKUP(C2,Week4!$A$2:$B$67,2,FALSE) -> 439 | F2: =VLOOKUP(C2,Week3!$A$2:$B$61,2,FALSE) -> 351 | G2: =VLOOKUP(C2,Week2!$A$2:$B$54,2,FALSE) -> 246 | H2: =VLOOKUP(C2,Week1!$A$2:$B$39,2,FALSE) -> 94 | K2: United States | L2: 528 | M2: 439 | N2: 351 | O2: 246 | P2: 94 | S2: United States | T2: =L2-M2 -> 89 | U2: =M2-N2 -> 88 | V2: =N2-O2 -> 105 | W2: =O2-P2 -> 152 | X2: =P2-Q2 -> 94 | Z2: =(T2-U2)/U2 -> 0.011363636 | AA2: =(U2-V2)/V2 -> -0.16190476 | AB2: =(V2-W2)/W2 -> -0.30921053 | AC2: =(W2-X2)/X2 -> 0.61702128 | AE2: 0.011363636 | AF2: -0.16190476 | AG2: -0.30921053 | AH2: 0.61702128 | AI2: United States
A3: 1 | B3: 中国 | C3: China | D3: 312 | E3: =VLOOKUP(C3,Week4!$A$2:$B$67,2,FALSE) -> 243 | F3: =VLOOKUP(C3,Week3!$A$2:$B$61,2,FALSE) -> 190 | G3: =VLOOKUP(C3,Week2!$A$2:$B$54,2,FALSE) -> 127 | H3: =VLOOKUP(C3,Week1!$A$2:$B$39,2,FALSE) -> 37 | K3: China | L3: 312 | M3: 243 | N3: 190 | O3: 127 | P3: 37 | S3: China | T3: =L3-M3 -> 69 | U3: =M3-N3 -> 53 | V3: =N3-O3 -> 63 | W3: =O3-P3 -> 90 | X3: =P3-Q3 -> 37 | Z3: =(T3-U3)/U3 -> 0.30188679 | AA3: =(U3-V3)/V3 -> -0.15873016 | AB3: =(V3-W3)/W3 -> -0.3 | AC3: =(W3-X3)/X3 -> 1.4324324 | AE3: 0.30188679 | AF3: -0.15873016 | AG3: -0.3 | AH3: 1.4324324 | AI3: China
A4: 2 | B4: 伊朗 | C4: Iran | D4: 296 | E4: =VLOOKUP(C4,Week4!$A$2:$B$67,2,FALSE) -> 270 | F4: =VLOOKUP(C4,Week3!$A$2:$B$61,2,FALSE) -> 219 | G4: =VLOOKUP(C4,Week2!$A$2:$B$54,2,FALSE) -> 106 | H4: =VLOOKUP(C4,Week1!$A$2:$B$39,2,FALSE) -> 53 | K4: Iran | L4: 296 | M4: 270 | N4: 219 | O4: 106 | P4: 53 | S4: Iran | T4: =L4-M4 -> 26 | U4: =M4-N4 -> 51 | V4: =N4-O4 -> 113 | W4: =O4-P4 -> 53 | X4: =P4-Q4 -> 53 | Z4: =(T4-U4)/U4 -> -0.49019608 | AA4: =(U4-V4)/V4 -> -0.54867257 | AB4: =(V4-W4)/W4 -> 1.1320755 | AC4: =(W4-X4)/X4 -> 0 | AE4: -0.49019608 | AF4: -0.54867257 | AG4: 1.1320755 | AH4: 0 | AI4: Iran
A5: 3 | B5: 日本 | C5: Japan | D5: 262 | E5: =VLOOKUP(C5,Week4!$A$2:$B$67,2,FALSE) -> 184 | F5: =VLOOKUP(C5,Week3!$A$2:$B$61,2,FALSE) -> 111 | G5: =VLOOKUP(C5,Week2!$A$2:$B$54,2,FALSE) -> 77 | H5: =VLOOKUP(C5,Week1!$A$2:$B$39,2,FALSE) -> 11 | K5: Japan | L5: 262 | M5: 184 | N5: 111 | O5: 77 | P5: 11 | S5: Japan | T5: =L5-M5 -> 78 | U5: =M5-N5 -> 73 | V5: =N5-O5 -> 34 | W5: =O5-P5 -> 66 | X5: =P5-Q5 -> 11 | Z5: =(T5-U5)/U5 -> 0.068493151 | AA5: =(U5-V5)/V5 -> 1.1470588 | AB5: =(V5-W5)/W5 -> -0.48484848 | AC5: =(W5-X5)/X5 -> 5 | AE5: 0.068493151 | AF5: 1.1470588 | AG5: -0.48484848 | AH5: 5 | AI5: Japan
A6: 4 | B6: 俄罗斯 | C6: Russia | D6: 240 | E6: =VLOOKUP(C6,Week4!$A$2:$B$67,2,FALSE) -> 192 | F6: =VLOOKUP(C6,Week3!$A$2:$B$61,2,FALSE) -> 158 | G6: =VLOOKUP(C6,Week2!$A$2:$B$54,2,FALSE) -> 100 | H6: =VLOOKUP(C6,Week1!$A$2:$B$39,2,FALSE) -> 32 | K6: Russia | L6: 240 | M6: 192 | N6: 158 | O6: 100 | P6: 32 | S6: Russia | T6: =L6-M6 -> 48 | U6: =M6-N6 -> 34 | V6: =N6-O6 -> 58 | W6: =O6-P6 -> 68 | X6: =P6-Q6 -> 32 | Z6: =(T6-U6)/U6 -> 0.41176471 | AA6: =(U6-V6)/V6 -> -0.4137931 | AB6: =(V6-W6)/W6 -> -0.14705882 | AC6: =(W6-X6)/X6 -> 1.125 | AE6: 0.41176471 | AF6: -0.4137931 | AG6: -0.14705882 | AH6: 1.125 | AI6: Russia
A7: 5 | B7: 乌克兰 | C7: Ukraine | D7: 205 | E7: =VLOOKUP(C7,Week4!$A$2:$B$67,2,FALSE) -> 153 | F7: =VLOOKUP(C7,Week3!$A$2:$B$61,2,FALSE) -> 100 | G7: =VLOOKUP(C7,Week2!$A$2:$B$54,2,FALSE) -> 60 | H7: =VLOOKUP(C7,Week1!$A$2:$B$39,2,FALSE) -> 19 | K7: Ukraine | L7: 205 | M7: 153 | N7: 100 | O7: 60 | P7: 19 | S7: Ukraine | T7: =L7-M7 -> 52 | U7: =M7-N7 -> 53 | V7: =N7-O7 -> 40 | W7: =O7-P7 -> 41 | X7: =P7-Q7 -> 19 | Z7: =(T7-U7)/U7 -> -0.018867925 | AA7: =(U7-V7)/V7 -> 0.325 | AB7: =(V7-W7)/W7 -> -0.024390244 | AC7: =(W7-X7)/X7 -> 1.1578947 | AE7: -0.018867925 | AF7: 0.325 | AG7: -0.024390244 | AH7: 1.1578947 | AI7: Ukraine
A8: 6 | B8: 以色列 | C8: Israel | D8: 64 | E8: =VLOOKUP(C8,Week4!$A$2:$B$67,2,FALSE) -> 53 | F8: =VLOOKUP(C8,Week3!$A$2:$B$61,2,FALSE) -> 46 | G8: =VLOOKUP(C8,Week2!$A$2:$B$54,2,FALSE) -> 26 | H8: =VLOOKUP(C8,Week1!$A$2:$B$39,2,FALSE) -> 5 | K8: Israel | L8: 64 | M8: 53 | N8: 46 | O8: 26 | P8: 5 | S8: Israel | T8: =L8-M8 -> 11 | U8: =M8-N8 -> 7 | V8: =N8-O8 -> 20 | W8: =O8-P8 -> 21 | X8: =P8-Q8 -> 5 | Z8: =(T8-U8)/U8 -> 0.57142857 | AA8: =(U8-V8)/V8 -> -0.65 | AB8: =(V8-W8)/W8 -> -0.047619048 | AC8: =(W8-X8)/X8 -> 3.2 | AE8: 0.57142857 | AF8: -0.65 | AG8: -0.047619048 | AH8: 3.2 | AI8: Israel
A9: 7 | B9: 英国 | C9: United Kingdom | D9: 62 | E9: =VLOOKUP(C9,Week4!$A$2:$B$67,2,FALSE) -> 53 | F9: =VLOOKUP(C9,Week3!$A$2:$B$61,2,FALSE) -> 41 | G9: =VLOOKUP(C9,Week2!$A$2:$B$54,2,FALSE) -> 15 | H9: =VLOOKUP(C9,Week1!$A$2:$B$39,2,FALSE) -> 7 | K9: United Kingdom | L9: 62 | M9: 53 | N9: 41 | O9: 15 | P9: 7 | S9: United Kingdom | T9: =L9-M9 -> 9 | U9: =M9-N9 -> 12 | V9: =N9-O9 -> 26 | W9: =O9-P9 -> 8 | X9: =P9-Q9 -> 7 | Z9: =(T9-U9)/U9 -> -0.25 | AA9: =(U9-V9)/V9 -> -0.53846154 | AB9: =(V9-W9)/W9 -> 2.25 | AC9: =(W9-X9)/X9 -> 0.14285714 | AE9: -0.25 | AF9: -0.53846154 | AG9: 2.25 | AH9: 0.14285714 | AI9: United Kingdom
A10: 8 | B10: 加拿大 | C10: Canada | D10: 61 | E10: =VLOOKUP(C10,Week4!$A$2:$B$67,2,FALSE) -> 49 | F10: =VLOOKUP(C10,Week3!$A$2:$B$61,2,FALSE) -> 47 | G10: =VLOOKUP(C10,Week2!$A$2:$B$54,2,FALSE) -> 41 | H10: =VLOOKUP(C10,Week1!$A$2:$B$39,2,FALSE) -> 4 | K10: Canada | L10: 61 | M10: 49 | N10: 47 | O10: 41 | P10: 4 | S10: Canada | T10: =L10-M10 -> 12 | U10: =M10-N10 -> 2 | V10: =N10-O10 -> 6 | W10: =O10-P10 -> 37 | X10: =P10-Q10 -> 4 | Z10: =(T10-U10)/U10 -> 5 | AA10: =(U10-V10)/V10 -> -0.66666667 | AB10: =(V10-W10)/W10 -> -0.83783784 | AC10: =(W10-X10)/X10 -> 8.25 | AE10: 5 | AF10: -0.66666667 | AG10: -0.83783784 | AH10: 8.25 | AI10: Canada
A11: 9 | B11: 委内瑞拉 | C11: Venezuela | D11: 56 | E11: =VLOOKUP(C11,Week4!$A$2:$B$67,2,FALSE) -> 45 | F11: =VLOOKUP(C11,Week3!$A$2:$B$61,2,FALSE) -> 39 | G11: =VLOOKUP(C11,Week2!$A$2:$B$54,2,FALSE) -> 35 | H11: =VLOOKUP(C11,Week1!$A$2:$B$39,2,FALSE) -> 28 | K11: Venezuela | L11: 56 | M11: 45 | N11: 39 | O11: 35 | P11: 28 | S11: Venezuela | T11: =L11-M11 -> 11 | U11: =M11-N11 -> 6 | V11: =N11-O11 -> 4 | W11: =O11-P11 -> 7 | X11: =P11-Q11 -> 28 | Z11: =(T11-U11)/U11 -> 0.83333333 | AA11: =(U11-V11)/V11 -> 0.5 | AB11: =(V11-W11)/W11 -> -0.42857143 | AC11: =(W11-X11)/X11 -> -0.75 | AE11: 0.83333333 | AF11: 0.5 | AG11: -0.42857143 | AH11: -0.75 | AI11: Venezuela
A12: 10 | B12: 丹麦 | C12: Denmark | D12: 52 | E12: =VLOOKUP(C12,Week4!$A$2:$B$67,2,FALSE) -> 51 | F12: =VLOOKUP(C12,Week3!$A$2:$B$61,2,FALSE) -> 50 | G12: =VLOOKUP(C12,Week2!$A$2:$B$54,2,FALSE) -> 42 | H12: =VLOOKUP(C12,Week1!$A$2:$B$39,2,FALSE) -> 23 | K12: Denmark | L12: 52 | M12: 51 | N12: 50 | O12: 42 | P12: 23 | S12: Denmark | T12: =L12-M12 -> 1 | U12: =M12-N12 -> 1 | V12: =N12-O12 -> 8 | W12: =O12-P12 -> 19 | X12: =P12-Q12 -> 23 | Z12: =(T12-U12)/U12 -> 0 | AA12: =(U12-V12)/V12 -> -0.875 | AB12: =(V12-W12)/W12 -> -0.57894737 | AC12: =(W12-X12)/X12 -> -0.17391304 | AE12: 0 | AF12: -0.875 | AG12: -0.57894737 | AH12: -0.17391304 | AI12: Denmark
A13: 11 | B13: 印度 | C13: India | D13: 39 | E13: =VLOOKUP(C13,Week4!$A$2:$B$67,2,FALSE) -> 29 | F13: =VLOOKUP(C13,Week3!$A$2:$B$61,2,FALSE) -> 23 | G13: =VLOOKUP(C13,Week2!$A$2:$B$54,2,FALSE) -> 5 | H13: =VLOOKUP(C13,Week1!$A$2:$B$39,2,FALSE) -> 2 | K13: India | L13: 39 | M13: 29 | N13: 23 | O13: 5 | P13: 2 | S13: India | T13: =L13-M13 -> 10 | U13: =M13-N13 -> 6 | V13: =N13-O13 -> 18 | W13: =O13-P13 -> 3 | X13: =P13-Q13 -> 2 | Z13: =(T13-U13)/U13 -> 0.66666667 | AA13: =(U13-V13)/V13 -> -0.66666667 | AB13: =(V13-W13)/W13 -> 5 | AC13: =(W13-X13)/X13 -> 0.5 | AE13: 0.66666667 | AF13: -0.66666667 | AG13: 5 | AH13: 0.5 | AI13: India
... A69: 67 | B69: 黎巴嫩 | C69: Lebanon | D69: 1 | E69: =VLOOKUP(C69,Week4!$A$2:$B$67,2,FALSE) -> 1 | F69: =VLOOKUP(C69,Week3!$A$2:$B$61,2,FALSE) -> #N/A | G69: =VLOOKUP(C69,Week2!$A$2:$B$54,2,FALSE) -> #N/A | H69: =VLOOKUP(C69,Week1!$A$2:$B$39,2,FALSE) -> #N/A | K69: Lebanon | L69: 1 | M69: 1 | N69: 0 | O69: 0 | P69: 0 | S69: Lebanon | T69: =L69-M69 -> 0 | U69: =M69-N69 -> 1 | V69: =N69-O69 -> 0 | W69: =O69-P69 -> 0 | X69: =P69-Q69 -> 0 | Z69: =(T69-U69)/U69 -> -1 | AA69: =(U69-V69)/V69 -> #DIV/0! | AB69: =(V69-W69)/W69 -> #DIV/0! | AC69: =(W69-X69)/X69 -> #DIV/0! | AE69: -1 | AF69: 0 | AG69: 0 | AH69: 0 | AI69: Lebanon

Sheet Week4
A1: English_Name | B1: counts
A2: United States | B2: 439
A3: Iran | B3: 270
A4: China | B4: 243
A5: Russia | B5: 192
A6: Japan | B6: 184
A7: Ukraine | B7: 153
A8: Israel | B8: 53
A9: United Kingdom | B9: 53
A10: Denmark | B10: 51
A11: Canada | B11: 49
A12: Venezuela | B12: 45
A13: Syria | B13: 33
... A67: Lebanon | B67: 1

Sheet Week3
A1: English_Name | B1: counts
A2: United States | B2: 351
A3: Iran | B3: 219
A4: China | B4: 190
A5: Russia | B5: 158
A6: Japan | B6: 111
A7: Ukraine | B7: 100
A8: Denmark | B8: 50
A9: Canada | B9: 47
A10: Israel | B10: 46
A11: United Kingdom | B11: 41
A12: Venezuela | B12: 39
A13: Syria | B13: 33
... A61: East Timor | B61: 1

Sheet Week2
A1: English_Name | B1: counts
A2: United States | B2: 246
A3: China | B3: 127
A4: Iran | B4: 106
A5: Russia | B5: 100
A6: Japan | B6: 77
A7: Ukraine | B7: 60
A8: Denmark | B8: 42
A9: Canada | B9: 41
A10: Venezuela | B10: 35
A11: Syria | B11: 29
A12: Israel | B12: 26
A13: France | B13: 19
... A54: East Timor | B54: 1

Sheet Week1
A1: English_Name | B1: counts
A2: United States | B2: 94
A3: Iran | B3: 53
A4: China | B4: 37
A5: Russia | B5: 32
A6: Venezuela | B6: 28
A7: Denmark | B7: 23
A8: Ukraine | B8: 19
A9: France | B9: 12
A10: Japan | B10: 11
A11: United Kingdom | B11: 7
A12: Greenland | B12: 7
A13: Italy | B13: 6
... A39: East Timor | B39: 1
